
SET SQL_MODE = "NO_AUTO_VALUE_ON_ZERO";
START TRANSACTION;
SET time_zone = "+00:00";

CREATE DATABASE AetherisDB
    CHARACTER SET utf8
    COLLATE utf8_general_ci;

USE AetherisDB;


CREATE TABLE PUBLISHERS (
  `PublisherName` varchar(50) NOT NULL,
  PRIMARY KEY (`PublisherName`)
);

CREATE TABLE CATEGORIES (
  `CategoryName` varchar(50) NOT NULL,
  PRIMARY KEY (`CategoryName`)
);

CREATE TABLE GAMES (
  `Id` int(11) NOT NULL AUTO_INCREMENT,
  `Name` varchar(50) NOT NULL,
  `Price` decimal(10,2) NOT NULL,
  `Publisher` varchar(50) NOT NULL,
  `ReleaseDate` date NOT NULL,
  `Description` text NOT NULL,
  `Image` varchar(50) NOT NULL,
  `Video` varchar(50) NOT NULL,
  `Rating` decimal(10,2) NOT NULL, -- Dato derivato, ma fare la query per calcolarlo è troppo costoso
  `CopiesSold` int(11) NOT NULL, -- Idem
  PRIMARY KEY (`Id`),
  FOREIGN KEY (`Publisher`) REFERENCES PUBLISHERS(`PublisherName`),
  UNIQUE KEY (`Name`)
);

CREATE TABLE GAME_CATEGORIES (
  `GameId` int(11) NOT NULL,
  `CategoryName` varchar(50) NOT NULL,
  PRIMARY KEY (`GameId`, `CategoryName`),
  FOREIGN KEY (`GameId`) REFERENCES GAMES(`Id`),
  FOREIGN KEY (`CategoryName`) REFERENCES CATEGORIES(`CategoryName`)
);

CREATE TABLE GAME_MEDIA(
  `GameId` int(11) NOT NULL,
  `PosterImageUrl` varchar(50) NOT NULL,
  `TrailerUrl` varchar(50) NOT NULL,
  `Screenshot1` varchar(50) NOT NULL,
  `Screenshot2` varchar(50) NOT NULL,
  `Screenshot3` varchar(50) NOT NULL,
  PRIMARY KEY (`GameId`),
  FOREIGN KEY (`GameId`) REFERENCES GAMES(`Id`)
);

CREATE TABLE DISCOUNTED_GAMES (
  `GameId` int(11) NOT NULL,
  `Percentage` int(11) NOT NULL CHECK (`Percentage` BETWEEN 0 AND 100),
  `StartDate` date NOT NULL,
  `EndDate` date NOT NULL,
  PRIMARY KEY (`GameId`, `StartDate`),
  FOREIGN KEY (`GameId`) REFERENCES GAMES(`Id`),
  CHECK (`StartDate` < `EndDate`)
);

CREATE TABLE USERS (
  `Username` varchar(50) NOT NULL,
  `Name` varchar(50) NOT NULL,
  `Surname` varchar(50) NOT NULL,
  `Email` varchar(50) NOT NULL,
  `Password` varchar(255) NOT NULL,
  `Salt` varchar(255) NOT NULL,
  `Balance` decimal(10,2) DEFAULT 0.00,
  PRIMARY KEY (`Username`),
  UNIQUE KEY (`Email`)
);



CREATE TABLE SHOPPING_CARTS(
  `UserId` int(11) NOT NULL references USERS(`Username`),
  `GameId` int(11) NOT NULL references GAMES(`Id`),
  `Quantity` int (11) NOT NULL,
  PRIMARY KEY (`UserId`,`GameId`)
);

CREATE TABLE REVIEWS (
  `Title` varchar(50) NOT NULL,
  `Comment` text NOT NULL,
  `Rating` decimal(10,2) NOT NULL CHECK (`Rating` BETWEEN 0 AND 5),
  `GameID` int(11) NOT NULL,
  `Username` varchar(50) NOT NULL,
  FOREIGN KEY (`GameID`) REFERENCES GAMES(`Id`),
  FOREIGN KEY (`Username`) REFERENCES USERS(`Username`)
);

CREATE TABLE ORDERS (
  `Id` int(11) NOT NULL AUTO_INCREMENT, -- Unique ID for the order
  `UserId` varchar(50) NOT NULL, -- Links to USERS table
  `OrderDate` datetime NOT NULL DEFAULT current_timestamp(), -- When the order was placed
  `TotalCost` decimal(10,2) NOT NULL, -- Total cost of the order
  `Status` enum('Pending', 'Completed', 'Shipped', 'Canceled') NOT NULL DEFAULT 'Pending', -- Order status
  PRIMARY KEY (`Id`),
  FOREIGN KEY (`UserId`) REFERENCES USERS(`Username`) -- Links to USERS table
);

CREATE TABLE ORDER_ITEMS (
  `OrderId` int(11) NOT NULL, -- Links to ORDERS table
  `GameId` int(11) NOT NULL, -- Links to GAMES table
  `Quantity` int(11) NOT NULL, -- Number of copies ordered
  `Price` decimal(10,2) NOT NULL, -- Price at the time of the order (for historical data)
  PRIMARY KEY (`OrderId`, `GameId`), -- Composite key ensures no duplicate game in the same order
  FOREIGN KEY (`OrderId`) REFERENCES ORDERS(`Id`), -- Links to ORDERS table
  FOREIGN KEY (`GameId`) REFERENCES GAMES(`Id`) -- Links to GAMES table
);


-- Insert Categories
INSERT INTO CATEGORIES (CategoryName) VALUES
('Action/Adventure'),
('RPG'),
('First-Person Shooter'),
('Survival'),
('Strategy'),
('Sports/Racing'),
('Indie Games'),
('Platformers'),
('MMORPG'),
('Party/Casual'),
('Horror'),
('Fighting'),
('Multiplayer'),
('Simulation'),
('Single-Player'),
('Offline'),
('Online'),
('Puzzle/Logic');





INSERT INTO PUBLISHERS (PublisherName) VALUES
('343 Industries'),
('Riot Games'),
('Nintendo'),
('NetherRealm Studios'),
('EA'),
('Gameloft'),
('Microsoft Studios'),
('Rockstar Games'),
('Sony Interactive Entertainment'),
('Sony Computer Entertainment'),
('Ubisoft'),
('Square Enix'),
('Warner Bros. Interactive Entertainment'),
('505 Games'),
('Activision'),
('Konami'),
('Bethesda Softworks'),
('Bethesda'),
('Techland'),
('Bandai Namco Entertainment'),
('Electronic Arts'),
('CD Projekt Red'),
('Larian Studios'),
('Atlus'),
('miHoYo'),
('Capcom'),
('Blizzard Entertainment'),
('ConcernedApe'),
('Re-Logic'),
('Obsidian Entertainment'),
('ZA/UM'),
('Toby Fox'),
('Team Cherry'),
('Motion Twin'),
('Grinding Gear Games'),
('Xbox Game Studios'),
('Warhorse Studios'),
('Focus Home Interactive'),
('IronOak Games'),
('SEGA'),
('Supergiant Games'),
('Stoic Studio'),
('Crate Entertainment'),
('2K Games'),
('Paradox Interactive'),
('Kalypso Media'),
('Wube Software'),
('Ludeon Studios'),
('Frontier Developments'),
('11 bit studios'),
('Bay 12 Games'),
('Rebellion Developments'),
('Shiro Games'),
('EA Sports'),
('2K Sports'),
('San Diego Studio'),
('Criterion Games'),
('Psyonix'),
('Team17'),
('Codemasters'),
('Milestone'),
('KT Racing'),
('Saber Interactive'),
('Crea-ture Studios'),
('Kunos Simulazioni'),
('Maddy Makes Games'),
('Innersloth'),
('Studio MDHR'),
('Moon Studios'),
('Nomada Studio'),
('MegaCrit'),
('Thunder Lotus Games'),
('Nicalis'),
('Andrew Shouldice'),
('Daniel Mullins Games'),
('Playdead'),
('Tarsier Studios'),
('Toys for Bob'),
('Insomniac Games'),
('Retro Studios'),
('HAL Laboratory'),
('Sumo Digital'),
('ZeniMax Online Studios'),
('ArenaNet'),
('Smilegate RPG'),
('Pearl Abyss'),
('Jagex'),
('BioWare'),
('Amazon Games'),
('Sandbox Interactive'),
('Mediatonic'),
('Jackbox Games'),
('Rebuilt Games'),
('Boneloaf'),
('Bloober Team'),
('EA Motive'),
('Frictional Games'),
('Kinetic Games'),
('Arc System Works'),
('Koei Tecmo'),
('SNK'),
('Valve'),
('Thekla, Inc.'),
('Monstars'),
('Hempuli'),
('No Brakes Games'),
('ustwo games'),
('Infinity Plus 2'),
('Pine Studio'),
('Microsoft'),
('Microsoft Game Studios'),
('Guerrilla Games'),
('CD Projekt'),
('LKA'),
('Deep Silver'),
('Hello Games'),
('Red Barrels'),
('Starbreeze Studios'),
('IllFonic'),
('Rare'),
('Prime Matter'),
('Endnight Games'),
('Respawn Entertainment'),
('Naughty Dog'),
('Dual Effect'),
('Wargaming.net'),
('Striking Distance Studios'),
('id Software'),
('Mojang Studios'),
('Witch Beam');







INSERT INTO `GAMES` (`Name`, `Price`, `Publisher`, `ReleaseDate`, `Description`, `Image`, `Video`, `Rating`, `CopiesSold`) VALUES
('The Legend of Zelda: Breath of the Wild', 59.99, 'Nintendo', '2017-03-03', 'An open-world adventure game set in the Zelda universe.', 'The_Legend_of_Zelda:_Breath_of_the_Wild.png', 'https://www.youtube.com/watch?v=zw47_q9wbBE', 10.00, 10000000),
('Red Dead Redemption 2', 59.99, 'Rockstar Games', '2018-10-26', 'A Western-themed open-world action game.', 'Red_Dead_Redemption_2.png', 'https://www.youtube.com/watch?v=gmA6MrX81z4', 9.80, 20000000),
('God of War (2018)', 49.99, 'Sony Interactive Entertainment', '2018-04-20', 'A brutal and emotional journey in the world of Norse mythology.','god_of_war_2018.png', 'https://www.youtube.com/watch?v=K0u_kAWLJOA', 9.70, 15000000),
('Horizon Zero Dawn', 39.99, 'Sony Interactive Entertainment', '2017-02-28', 'An open-world action RPG with a futuristic setting.', 'horizon_zero_dawn.png' ,'https://www.youtube.com/watch?v=u4-FCsiF5x4', 9.60, 9000000),
('Assassin’s Creed Valhalla', 59.99, 'Ubisoft', '2020-11-10', 'A Viking-themed action RPG with open-world exploration.', 'Assassins_Creed_Valhalla.png', 'https://www.youtube.com/watch?v=rKjUAWlbTJk', 9.20, 12000000),
('Ghost of Tsushima', 59.99, 'Sony Interactive Entertainment', '2020-07-17', 'A samurai action RPG set in feudal Japan.', 'Ghost_of_Tsushima.png','https://www.youtube.com/watch?v=rTNfgIAi3pY', 9.40, 7000000),
('Tomb Raider (2013)', 19.99, 'Square Enix', '2013-03-05', 'A re-imagining of the classic action-adventure series.', 'Tomb_Raider_2013.png', 'https://www.youtube.com/watch?v=M4SG6DfVvLs', 8.50, 14000000),
('Uncharted 4: A Thief\'s End', 59.99, 'Sony Interactive Entertainment', '2016-05-10', 'A treasure hunter’s adventure filled with action and puzzle-solving.', 'Uncharted_4_A_Thiefs_End.png', 'https://www.youtube.com/watch?v=hh5HV4iic1Y', 9.70, 16000000),
('Batman: Arkham Knight', 29.99, 'Warner Bros. Interactive Entertainment', '2015-06-23', 'A superhero action game featuring Batman in Gotham City.', 'Batman_Arkham_Knight.png', 'https://www.youtube.com/watch?v=JeGAQXY2FzI', 9.10, 9000000),
('Spider-Man: Miles Morales', 49.99, 'Sony Interactive Entertainment', '2020-11-12', 'The story of Miles Morales as the new Spider-Man.', 'Spider_Man_Miles_Morales.png', 'https://www.youtube.com/watch?v=3wHL2VIaFcs', 9.60, 8000000),
('The Last of Us Part II', 59.99, 'Sony Interactive Entertainment', '2020-06-19', 'A post-apocalyptic action-adventure with deep narrative elements.', 'The_Last_of_Us_Part_II.png', 'https://www.youtube.com/watch?v=vhII1qlcZ4E', 9.50, 11000000),
('Control', 39.99, '505 Games', '2019-08-27', 'A surreal third-person action game with supernatural elements.', 'Control.png', 'https://www.youtube.com/watch?v=PT5yMfC9LQM', 9.20, 7000000),
('Sekiro: Shadows Die Twice', 59.99, 'Activision', '2019-03-22', 'A punishing action RPG set in a war-torn feudal Japan.', 'Sekiro_Shadows_Die_Twice.png', 'https://www.youtube.com/watch?v=rXMX4YJ7Lks', 9.80, 4000000),
('Death Stranding', 59.99, 'Sony Interactive Entertainment', '2019-11-08', 'An open-world action game set in a post-apocalyptic world.', 'Death_Strandling.png', 'https://www.youtube.com/watch?v=Mpn-MC2B6Zc', 9.10, 8000000),
('Days Gone', 39.99, 'Sony Interactive Entertainment', '2019-04-26', 'An open-world survival action game set in a post-apocalyptic world.', 'Days_Gone.png','https://www.youtube.com/watch?v=FKtaOY9lMvM', 8.80, 6000000),
('Far Cry 5', 59.99, 'Ubisoft', '2018-03-27', 'An open-world shooter set in a Montana county taken over by a cult.', 'Far_Cry_5.png', 'https://www.youtube.com/watch?v=Kdaoe4hbMso', 8.70, 8000000),
('Watch Dogs: Legion', 59.99, 'Ubisoft', '2020-10-29', 'A hacker-focused action game set in a dystopian London.', 'Watch_Dogs_Legion.png', 'https://www.youtube.com/watch?v=srXrGKGAU20', 8.40, 5000000),
('Metal Gear Solid V: The Phantom Pain', 59.99, 'Konami', '2015-09-01', 'An open-world stealth action game with military espionage elements.', 'Metal_Gear_Solid_V.png', 'https://www.youtube.com/watch?v=C19ap2M7DDE', 9.30, 12000000),
('Dishonored 2', 39.99, 'Bethesda Softworks', '2016-11-11', 'A stealth action game set in a steampunk-inspired world.', 'Dishonored_2.png', 'https://www.youtube.com/watch?v=32LDc_66r5U', 9.00, 4000000),
('Dying Light 2', 59.99, 'Techland', '2022-02-04', 'A zombie apocalypse game with parkour-basedement and combat.', 'Dying_Light_2.png', 'https://www.youtube.com/watch?v=uL6OeuicjyU', 8.70, 6000000),
('Fallout: New Vegas', 19.99, 'Bethesda Softworks', '2010-10-19', 'A post-apocalyptic open-world RPG in the Fallout series.', 'Fallout_New_Vegas.png', 'https://www.youtube.com/watch?v=l-x-1fm2cq8', 9.80, 12000000),
('Mass Effect Legendary Edition', 59.99, 'Electronic Arts', '2021-05-14', 'A remastered trilogy of the critically acclaimed Mass Effect series.', 'Mass_Effect_Legendary_Edition.png', 'https://www.youtube.com/watch?v=n8i53TtQ6IQ', 9.60, 5000000),
('Cyberpunk 2077', 59.99, 'CD Projekt Red', '2020-12-10', 'An open-world action RPG set in a dystopian cyberpunk future.', 'Cyberpunk_2077.png', 'https://www.youtube.com/watch?v=DvVjkqB3LH0', 9.00, 20000000),
('Witcher 3: Wild Hunt', 39.99, 'CD Projekt Red', '2015-05-19', 'An open-world fantasy RPG set in the Witcher universe.', 'Witcher_3_Wild_Hunt.png', 'https://www.youtube.com/watch?v=XHrskkHf958', 10.00, 50000000),
('Persona 5 Royal', 59.99, 'Atlus', '2019-10-31', 'An enhanced edition of Persona 5 with new characters and stories.', 'Persona_5_Royal.png', 'https://www.youtube.com/watch?v=QnDzJ9KzuV4', 9.80, 6000000),
('Final Fantasy XVI', 69.99, 'Square Enix', '2023-06-22', 'A high fantasy RPG with action-packed combat.', 'Final_Fantasy_XVI.png', 'https://www.youtube.com/watch?v=KOhs9ZLImgE', 9.50, 5000000),
('Final Fantasy VII Remake', 59.99, 'Square Enix', '2020-04-10', 'A remake of the classic Final Fantasy VII with modern graphics and gameplay.', 'Final_Fantasy_VII_Remake.png', 'https://www.youtube.com/watch?v=eHdaWMP7D2s', 9.70, 8000000),
('Genshin Impact', 0.00, 'miHoYo', '2020-09-28', 'An open-world RPG with gacha mechanics and stunning visuals.', 'Genshin_Impact.png', 'https://www.youtube.com/watch?v=HLUY1nICQRY', 9.20, 50000000),
('Monster Hunter: World', 39.99, 'Capcom', '2018-01-26', 'A co-op action RPG where players hunt monsters in diverse ecosystems.', 'Monster_Hunter_World.png', 'https://www.youtube.com/watch?v=OotQrKEqe94', 9.50, 20000000),
('Dark Souls III', 59.99, 'Bandai Namco Entertainment', '2016-03-24', 'A challenging action RPG set in a dark fantasy world.', 'Dark_Souls_III.png', 'https://www.youtube.com/watch?v=cWBwFhUv1-8', 9.60, 10000000),
('Diablo IV', 69.99, 'Blizzard Entertainment', '2023-06-06', 'The latest installment in the dark fantasy action RPG series.', 'Diablo_IV.png', 'https://www.youtube.com/watch?v=HukrLKMCz1I', 9.10, 10000000),
('Xenoblade Chronicles 3', 59.99, 'Nintendo', '2022-07-29', 'An open-world RPG with deep storytelling and vast exploration.', 'Xenoblade_Chronicles_3.png', 'https://www.youtube.com/watch?v=Fwuw3PB7Hrc', 9.40, 4000000),
('Nier: Automata', 39.99, 'Square Enix', '2017-02-23', 'A thought-provoking action RPG with multiple endings.', 'Nier_Automata.png', 'https://www.youtube.com/watch?v=wJxNhJ8fjFk', 9.50, 6000000),
('Octopath Traveler', 59.99, 'Square Enix', '2018-07-13', 'A pixel art JRPG with eight unique protagonists.', 'Octopath_Traveler.png', 'https://www.youtube.com/watch?v=NyHXpDzuys4', 9.30, 3000000),
('Terraria', 9.99, 'Re-Logic', '2011-05-16', 'A sandbox adventure RPG with exploration and crafting.', 'Terraria.png', 'https://www.youtube.com/watch?v=9DwRYw2g9Sc', 9.30, 35000000),
('Elden Ring', 69.99, 'Bandai Namco Entertainment', '2022-02-25', 'An open-world action RPG designed by FromSoftware and George R.R. Martin.', 'Elden_Ring.png', 'https://www.youtube.com/watch?v=AKXiKBnzpBQ', 9.90, 20000000),
('The Legend of Zelda: Tears of the Kingdom', 69.99, 'Nintendo', '2023-05-12', 'A direct sequel to Breath of the Wild with new mechanics and exploration.', 'Zelda_Tears_of_the_Kingdom.png', 'https://www.youtube.com/watch?v=SSVYVgm4tH4', 10.00, 17000000),
('The Elder Scrolls V: Skyrim', 39.99, 'Bethesda Softworks', '2011-11-11', 'A legendary open-world fantasy RPG with extensive modding support.', 'Skyrim.png', 'https://www.youtube.com/watch?v=JSRtYpNRoN0', 9.70, 30000000),
('Horizon Forbidden West', 69.99, 'Sony Interactive Entertainment', '2022-02-18', 'A sequel to Horizon Zero Dawn featuring robotic wildlife and exploration.', 'Horizon_Forbidden_West.png', 'https://www.youtube.com/watch?v=Lq594XmpPBg', 9.20, 10000000),
('Fire Emblem: Warriors', 59.99, 'Nintendo', '2019-07-26', 'A tactical RPG with branching storylines and complex relationships.', 'Fire_Emblem_Warriors.png', 'https://www.youtube.com/watch?v=dTdVvQv5Mfw', 9.50, 5000000),
('Pillars of Eternity II: Deadfire', 49.99, 'Obsidian Entertainment', '2018-05-08', 'A sequel to the critically acclaimed isometric RPG, Pillars of Eternity.', 'Pillars_of_Eternity_II_Deadfire.png', 'https://www.youtube.com/watch?v=W63cZxreR7g', 9.10, 1000000),
('Disco Elysium: The Final Cut', 39.99, 'ZA/UM', '2021-03-30', 'A groundbreaking RPG with a focus on narrative and character development.', 'Disco_Elysium_The_Final_Cut.png', 'https://www.youtube.com/watch?v=nk_K5DM0UTk', 9.80, 3000000),
('Hollow Knight', 14.99, 'Team Cherry', '2017-02-24', 'A metroidvania RPG set in a hauntingly beautiful world.', 'Hollow_Knight.png', 'https://www.youtube.com/watch?v=kWo5g-tsBNk', 9.60, 3000000),
('Dead Cells', 24.99, 'Motion Twin', '2018-08-07', 'A rogue-lite metroidvania with fast-paced combat.', 'Dead_Cells.png', 'https://www.youtube.com/watch?v=RvGaSPTcTxc', 9.40, 5000000),
('The Outer Worlds', 59.99, 'Obsidian Entertainment', '2019-10-25', 'A satirical sci-fi RPG with branching narratives.', 'The_Outer_Worlds.png', 'https://www.youtube.com/watch?v=zNmjNA6dtEA', 8.70, 4000000),
('Path of Exile', 0.00, 'Grinding Gear Games', '2013-10-23', 'A free-to-play action RPG with a deep skill system.', 'Path_of_Exile.png', 'https://www.youtube.com/watch?v=brZT-Qdg8TY', 9.20, 20000000),
('Fable Anniversary', 34.99, 'Xbox Game Studios', '2014-02-04', 'A remastered version of the original Fable.', 'Fable_Anniversary.png', 'https://www.youtube.com/watch?v=W8GevE4Lugw', 8.50, 3000000),
('Kingdom Come: Deliverance', 39.99, 'Warhorse Studios', '2018-02-13', 'A realistic medieval RPG with immersive gameplay.', 'Kingdom_Come_Deliverance.png', 'https://www.youtube.com/watch?v=tpnuBdG9txM', 9.00, 3000000),
('GreedFall', 49.99, 'Focus Home Interactive', '2019-09-10', 'An action RPG with a unique 17th-century fantasy setting.', 'GreedFall.png', 'https://www.youtube.com/watch?v=PmqWaDwKS6M', 8.40, 2000000),
('Vampyr', 39.99, 'Focus Home Interactive', '2018-06-05', 'An action RPG about a doctor turned vampire in 1918 London.', 'Vampyr.png', 'https://www.youtube.com/watch?v=QfB_4A-jL_k', 8.20, 1500000),
('For the King', 19.99, 'IronOak Games', '2018-04-19', 'A turn-based strategy RPG with roguelike elements.', 'For_the_King.png', 'https://www.youtube.com/watch?v=B2qF39qKrXo', 8.50, 2000000),
('Yakuza: Like a Dragon', 59.99, 'SEGA', '2020-11-10', 'A turn-based RPG reboot of the Yakuza series.', 'Yakuza_Like_a_Dragon.png', 'https://www.youtube.com/watch?v=hkygiqC7ulQ', 9.00, 3000000),
('Dragon Age: Inquisition', 39.99, 'Electronic Arts', '2014-11-18', 'A fantasy RPG with vast exploration and engaging character stories.', 'Dragon_Age_Inquisition.png', 'https://www.youtube.com/watch?v=1HY2bOdzVD0', 9.10, 6000000),
('Divinity: Original Sin 2', 44.99, 'Larian Studios', '2017-09-14', 'A critically acclaimed RPG with deep mechanics and co-op gameplay.', 'Divinity_Original_Sin_2.png', 'https://www.youtube.com/watch?v=-E-TTpfsBZE', 9.80, 3000000),
('Baldur\'s Gate III', 59.99, 'Larian Studios', '2023-08-03', 'A continuation of the iconic Baldur\'s Gate series with modern RPG elements.', 'Baldurs_Gate_III.png', 'https://www.youtube.com/watch?v=1T22wNvoNiU', 9.90, 2000000),
('Ni no Kuni II: Revenant Kingdom', 59.99, 'Bandai Namco Entertainment', '2018-03-23', 'A visually stunning RPG with a heartfelt story and kingdom-building elements.', 'Ni_no_Kuni_II.png', 'https://www.youtube.com/watch?v=2MJs869kavY', 8.80, 2000000),
('Starfield', 69.99, 'Bethesda Softworks', '2024-09-06', 'A space exploration RPG set in an expansive galaxy.', 'Starfield.png', 'https://www.youtube.com/watch?v=kfYEiTdsyas', 9.40, 5000000),
('Witcher 2: Assassins of Kings', 19.99, 'CD Projekt Red', '2011-05-17', 'A dark fantasy RPG with political intrigue and impactful choices.', 'The_Witcher_2.png', 'https://www.youtube.com/watch?v=HedLjjlSy3Y', 9.20, 2000000),
('Final Fantasy XV', 49.99, 'Square Enix', '2016-11-29', 'An action RPG following the journey of Prince Noctis and his friends.', 'Final_Fantasy_XV.png', 'https://www.youtube.com/watch?v=fGdPVsTliT8', 9.00, 10000000),
('Chrono Trigger', 14.99, 'Square Enix', '1995-03-11', 'A timeless classic RPG with a legendary story and multiple endings.', 'Chrono_Trigger.png', 'https://www.youtube.com/watch?v=2fl-AylaHY8', 9.90, 3000000),
('Tales of Arise', 59.99, 'Bandai Namco Entertainment', '2021-09-10', 'An action RPG with breathtaking visuals and an emotional story.', 'Tales_of_Arise.png', 'https://www.youtube.com/watch?v=ykWm2kOCpE4', 9.20, 2000000),
('Dark Souls II', 39.99, 'Bandai Namco Entertainment', '2014-03-11', 'A challenging RPG with intricate level design and lore.', 'Dark_Souls_II.png', 'https://www.youtube.com/watch?v=qByFob7-8VY', 9.00, 3000000),
('Dragon Quest XI S: Echoes of an Elusive Age', 39.99, 'Square Enix', '2020-12-04', 'A definitive edition of the classic turn-based RPG.', 'Dragon_Quest_XI_S.png', 'https://www.youtube.com/watch?v=73FRi8W1oCM', 9.50, 6000000),
('Hades', 24.99, 'Supergiant Games', '2020-09-17', 'A rogue-like dungeon crawler with a rich narrative and addictive gameplay.', 'Hades.png', 'https://www.youtube.com/watch?v=mD8x5xLHRho', 9.80, 3000000),
('The Banner Saga', 19.99, 'Stoic Studio', '2014-01-14', 'A tactical RPG with a rich story set in a Norse-inspired world.', 'The_Banner_Saga.png', 'https://www.youtube.com/watch?v=TPhu-96zxz4', 8.90, 2000000),
('Grim Dawn', 24.99, 'Crate Entertainment', '2016-02-25', 'A dark fantasy action RPG with deep character customization.', 'Grim_Dawn.png', 'https://www.youtube.com/watch?v=BfABNZqU-PA', 9.00, 1500000),
('Civilization VI', 59.99, '2K Games', '2016-10-21', 'A turn-based strategy game where players build and expand their civilizations.', 'Civilization_VI.png', 'https://www.youtube.com/watch?v=5KdE0p2joJw', 9.20, 11000000),
('Age of Empires IV', 59.99, 'Xbox Game Studios', '2021-10-28', 'A real-time strategy game set in historical settings.', 'Age_of_Empires_IV.png', 'https://www.youtube.com/watch?v=Ovt7d34_hRA', 9.00, 2000000),
('Total War: Warhammer III', 59.99, 'SEGA', '2022-02-17', 'A strategy game that blends real-time battles with turn-based empire building.', 'Total_War_Warhammer_III.png', 'https://www.youtube.com/watch?v=HAr7yUlM0Po', 8.90, 1500000),
('Stellaris', 39.99, 'Paradox Interactive', '2016-05-09', 'A sci-fi grand strategy game where players explore and conquer galaxies.', 'Stellaris.png', 'https://www.youtube.com/watch?v=KanCiSGxSKM', 9.30, 3000000),
('Crusader Kings III', 49.99, 'Paradox Interactive', '2020-09-01', 'A medieval grand strategy game focusing on dynasties and intrigue.', 'Crusader_Kings_III.png', 'https://www.youtube.com/watch?v=xjn66Cl3pMA', 9.50, 2000000),
('XCOM Enemy Unknown', 59.99, '2K Games', '2016-02-05', 'A tactical strategy game where players lead resistance forces against alien invaders.', 'XCOM_2.png', 'https://www.youtube.com/watch?v=rfTB-fHKnZY', 9.00, 3000000),
('Anno 1800', 59.99, 'Ubisoft', '2019-04-16', 'A city-building and strategy game set during the industrial revolution.', 'Anno_1800.png', 'https://www.youtube.com/watch?v=7ZwaZMuc1TQ', 8.90, 2500000),
('Cities: Skylines', 29.99, 'Paradox Interactive', '2015-03-10', 'A modern city-building simulator with deep mechanics.', 'Cities_Skylines.png', 'https://www.youtube.com/watch?v=7vlKoMi4Qr0', 9.40, 12000000),
('Hearts of Iron IV', 39.99, 'Paradox Interactive', '2016-06-06', 'A grand strategy game set during World War II.', 'Hearts_of_Iron_IV.png', 'https://www.youtube.com/watch?v=F-uGP2DkZKE', 9.10, 3000000),
('Planet Zoo', 44.99, 'Frontier Developments', '2019-11-05', 'A zoo-building simulator with detailed animal management.', 'Planet_Zoo.png', 'https://www.youtube.com/watch?v=UCgppIh1tnY', 9.20, 2000000),
('Dwarf Fortress', 39.99, 'Bay 12 Games', '2022-12-06', 'A complex colony management and simulation game.', 'Dwarf_Fortress.png', 'https://www.youtube.com/watch?v=xawsp16oxb0', 9.50, 1000000),
('FIFA 23', 69.99, 'EA Sports', '2022-09-30', 'The latest iteration of the popular football simulation game.', 'FIFA_23.png', 'https://www.youtube.com/watch?v=0tIW1X2dv0c', 8.50, 10000000),
('NBA 2K23', 69.99, '2K Sports', '2022-09-09', 'A basketball simulation game featuring NBA teams and players.', 'NBA_2K23.png', 'https://www.youtube.com/watch?v=MCU18y25WeQ', 8.20, 8000000),
('MLB The Show 23', 69.99, 'San Diego Studio', '2023-03-28', 'A baseball simulation game featuring MLB teams.', 'MLB_The_Show_23.png', 'https://www.youtube.com/watch?v=Sj-VxaY7iMk', 8.60, 3000000),
('Forza Horizon 5', 59.99, 'Xbox Game Studios', '2021-11-09', 'An open-world racing game set in a vibrant Mexico.', 'Forza_Horizon_5.png', 'https://www.youtube.com/watch?v=Rv7xLt5yNsM', 9.50, 15000000),
('Gran Turismo 7', 69.99, 'Sony Interactive Entertainment', '2022-03-04', 'A realistic racing simulator with stunning visuals.', 'Gran_Turismo_7.png', 'https://www.youtube.com/watch?v=oz-O74SmTSQ', 9.00, 5000000),
('Need for Speed: Unbound', 69.99, 'Criterion Games', '2022-12-02', 'An arcade-style street racing game.', 'Need_for_Speed_Unbound.png', 'https://www.youtube.com/watch?v=H2Y8XCe7F9E', 8.30, 3000000),
('Rocket League', 19.99, 'Psyonix', '2015-07-07', 'A mix of soccer and driving with fast-paced gameplay.', 'Rocket_League.png', 'https://www.youtube.com/watch?v=SgSX3gOrj60', 9.20, 20000000),
('Riders Republic', 59.99, 'Ubisoft', '2021-10-28', 'A multiplayer extreme sports game.', 'Riders_Republic.png', 'https://www.youtube.com/watch?v=0gCyYbFVAdE', 8.00, 1000000),
('Tony Hawk’s Pro Skater 1+2', 39.99, 'Activision', '2020-09-04', 'A remastered collection of the first two Tony Hawk games.', 'Tony_Hawk_Pro_Skater_1_2.png', 'https://www.youtube.com/watch?v=22MQBu_jiH4', 8.90, 2000000),
('Golf With Your Friends', 14.99, 'Team17', '2020-05-19', 'A fun multiplayer mini-golf game.', 'Golf_With_Your_Friends.png', 'https://www.youtube.com/watch?v=no_IUGXGFEI', 8.30, 1000000),
('Dirt 5', 59.99, 'Codemasters', '2020-11-06', 'An off-road racing game with arcade-style gameplay.', 'Dirt_5.png', 'https://www.youtube.com/watch?v=rPIj7Lxi-Q8', 8.00, 1000000),
('MotoGP 23', 49.99, 'Milestone', '2023-06-08', 'A motorcycle racing simulator featuring MotoGP riders.', 'MotoGP_23.png', 'https://www.youtube.com/watch?v=PvgTSrE5bzA', 7.80, 500000),
('TrackMania', 29.99, 'Ubisoft', '2020-07-01', 'A fast-paced arcade racing game focused on track building.', 'TrackMania.png', 'https://www.youtube.com/watch?v=54XMox87psc', 8.40, 2000000),
('WRC10', 59.99, 'KT Racing', '2022-11-03', 'A rally racing game based on the World Rally Championship.', 'WRC_Generations.png', 'https://www.youtube.com/watch?v=JYTlwGdgjZw', 8.50, 800000),
('SnowRunner', 29.99, 'Saber Interactive', '2020-04-28', 'A simulation game about driving heavy vehicles in extreme conditions.', 'SnowRunner.png', 'https://www.youtube.com/watch?v=hcFSFjJ2b6o', 8.70, 2000000),
('Session: Skate Sim', 39.99, 'Crea-ture Studios', '2022-09-22', 'A realistic skateboarding simulation game.', 'Session_Skate_Sim.png', 'https://www.youtube.com/watch?v=qBMqPMPzGUY', 7.60, 300000),
('Assetto Corsa', 19.99, 'Kunos Simulazioni', '2014-12-19', 'A highly realistic racing simulator.', 'Assetto_Corsa.png', 'https://www.youtube.com/watch?v=TDFN-E30jhU', 9.30, 2000000),
('Stardew Valley', 14.99, 'ConcernedApe', '2016-02-26', 'A charming farming simulator and role-playing game.', 'Stardew_Valley.png', 'https://www.youtube.com/watch?v=8A7A1X1TVNc', 9.60, 20000000),
('Celeste', 19.99, 'Maddy Makes Games', '2018-01-25', 'A challenging platformer about climbing a mountain and overcoming personal struggles.', 'Celeste.png', 'https://www.youtube.com/watch?v=70d9irlxiB4', 9.20, 1000000),
('Among Us', 4.99, 'Innersloth', '2018-11-16', 'A multiplayer social deduction game.', 'Among_Us.png', 'https://www.youtube.com/watch?v=vlVeaz_l5Jg', 8.90, 50000000),
('Cuphead', 19.99, 'Studio MDHR', '2017-09-29', 'A visually stunning run-and-gun game with a 1930s cartoon art style.', 'Cuphead.png', 'https://www.youtube.com/watch?v=NN-9SQXoi50', 9.40, 6000000),
('Ori and the Will of the Wisps', 29.99, 'Moon Studios', '2020-03-11', 'A visually breathtaking platformer with emotional storytelling.', 'Ori_Will_of_the_Wisps.png', 'https://www.youtube.com/watch?v=2kPSl2vyu2Y', 9.50, 3000000),
('Gris', 16.99, 'Nomada Studio', '2018-12-13', 'A serene and evocative platformer about grief.', 'Gris.png', 'https://www.youtube.com/watch?v=BRiKQIVo7ao', 9.10, 1000000),
('Undertale', 9.99, 'Toby Fox', '2015-09-15', 'A role-playing game where your choices matter.', 'Undertale.png', 'https://www.youtube.com/watch?v=1Hojv0m3TqA', 9.60, 5000000),
('Slay the Spire', 24.99, 'MegaCrit', '2019-01-23', 'A deck-building rogue-like game.', 'Slay_the_Spire.png', 'https://www.youtube.com/watch?v=9SZUtyYSOjQ', 9.40, 3000000),
('Spiritfarer', 29.99, 'Thunder Lotus Games', '2020-08-18', 'A cozy management game about death and saying goodbye.', 'Spiritfarer.png', 'https://www.youtube.com/watch?v=7QJSRmyrQPY', 9.00, 1000000),
('The Binding of Isaac: Rebirth', 14.99, 'Nicalis', '2014-11-04', 'A rogue-like dungeon crawler with dark themes.', 'Binding_of_Isaac_Rebirth.png', 'https://www.youtube.com/watch?v=7fTPuAlCWEk', 9.10, 3000000),
('RimWorld', 34.99, 'Ludeon Studios', '2018-10-17', 'A colony simulation game with emergent storytelling.', 'RimWorld.png', 'https://www.youtube.com/watch?v=3tDrxOASUog', 9.40, 2000000),
('Tunic', 29.99, 'Andrew Shouldice', '2022-03-16', 'A charming action-adventure game inspired by classic Zelda titles.', 'Tunic.png', 'https://www.youtube.com/watch?v=Q5XpgTO7YN0', 9.00, 500000),
('Inscryption', 19.99, 'Daniel Mullins Games', '2021-10-19', 'A mind-bending card-based rogue-like game.', 'Inscryption.png', 'https://www.youtube.com/watch?v=RN5GSIWIN1k', 9.30, 1000000),
('Limbo', 9.99, 'Playdead', '2010-07-21', 'A monochrome puzzle-platformer with a haunting atmosphere.', 'Limbo.png', 'https://www.youtube.com/watch?v=Y4HSyVXKYz8', 9.00, 5000000),
('Little Nightmares', 19.99, 'Tarsier Studios', '2017-04-28', 'A dark and eerie puzzle-platformer.', 'Little_Nightmares.png', 'https://www.youtube.com/watch?v=aOadxZBsPiA', 9.20, 2000000),
('Inside', 19.99, 'Playdead', '2016-06-29', 'A cinematic platformer with a mysterious narrative.', 'Inside.png', 'https://www.youtube.com/watch?v=oo-2UIkrqe8', 9.50, 3000000),
('Super Mario Odyssey', 59.99, 'Nintendo', '2017-10-27', 'Embark on a globe-trotting adventure to rescue Princess Peach in this iconic platformer.', 'Super_Mario_Odyssey.png', 'https://www.youtube.com/watch?v=wGQHQc_3ycE', 9.80, 24000000),
('Crash Bandicoot 4: It’s About Time', 39.99, 'Toys for Bob', '2020-10-02', 'A challenging and vibrant continuation of the Crash Bandicoot series.', 'Crash_Bandicoot_4.png', 'https://www.youtube.com/watch?v=375dqL15O9E', 8.90, 5000000),
('Spyro Reignited Trilogy', 39.99, 'Toys for Bob', '2018-11-13', 'A remastered collection of the beloved Spyro trilogy with stunning graphics.', 'Spyro_Reignited_Trilogy.png', 'https://www.youtube.com/watch?v=orzNU1R4wb8', 9.00, 3000000),
('Ratchet & Clank: Rift Apart', 69.99, 'Insomniac Games', '2021-06-11', 'A visually spectacular platformer and shooter adventure.', 'Ratchet_and_Clank_Rift_Apart.png', 'https://www.youtube.com/watch?v=55PRv_e00wc', 9.20, 2000000),
('Sonic Frontiers', 59.99, 'SEGA', '2022-11-08', 'An open-world Sonic adventure with fast-paced gameplay.', 'Sonic_Frontiers.png', 'https://www.youtube.com/watch?v=hv_zibBXjlg', 8.80, 1000000),
('Donkey Kong Country: Tropical Freeze', 59.99, 'Retro Studios', '2014-02-21', 'A challenging and beautifully designed platformer featuring Donkey Kong.', 'Donkey_Kong_Tropical_Freeze.png', 'https://www.youtube.com/watch?v=_5p0SiWHwvw', 9.00, 3000000),
('Ori and the Blind Forest', 19.99, 'Moon Studios', '2015-03-11', 'A visually stunning and emotional platformer.', 'Ori_and_the_Blind_Forest.png', 'https://www.youtube.com/watch?v=VrbGwU5Zx4M', 9.50, 2000000),
('Rayman Legends', 39.99, 'Ubisoft', '2013-08-29', 'A highly creative and fun platformer with cooperative gameplay.', 'Rayman_Legends.png', 'https://www.youtube.com/watch?v=afqO1qGr2XM', 9.40, 5000000),
('Kirby and the Forgotten Land', 59.99, 'HAL Laboratory', '2022-03-25', 'Join Kirby in his first 3D adventure in a mysterious world.', 'Kirby_and_the_Forgotten_Land.png', 'https://www.youtube.com/watch?v=wrEoqAywBao', 9.10, 2000000),
('Sackboy: A Big Adventure', 59.99, 'Sumo Digital', '2020-11-12', 'A charming and family-friendly platformer.', 'Sackboy_A_Big_Adventure.png', 'https://www.youtube.com/watch?v=C3I6SoCN5bI', 8.70, 1000000),
('World of Warcraft', 39.99, 'Blizzard Entertainment', '2004-11-23', 'An iconic MMORPG set in the expansive fantasy world of Azeroth.', 'World_of_Warcraft.png', 'https://www.youtube.com/watch?v=vlVSJ0AvZe0', 9.30, 120000000),
('Final Fantasy XIV', 39.99, 'Square Enix', '2010-09-30', 'A critically acclaimed MMORPG with a rich story and vibrant community.', 'Final_Fantasy_XIV.png', 'https://www.youtube.com/watch?v=dc5HY3KEqug', 9.50, 27000000),
('Guild Wars 2', 0.00, 'ArenaNet', '2012-08-28', 'A dynamic and free-to-play MMORPG with an innovative event system.', 'Guild_Wars_2.png', 'https://www.youtube.com/watch?v=dQDx1I-IsgA', 8.90, 16000000),
('Lost Ark', 0.00, 'Smilegate RPG', '2018-12-04', 'A visually stunning MMORPG with action-oriented gameplay.', 'Lost_Ark.png', 'https://www.youtube.com/watch?v=iwnk9XrhN54', 8.50, 20000000),
('Black Desert Online', 9.99, 'Pearl Abyss', '2015-07-14', 'An immersive MMORPG with incredible graphics and deep gameplay systems.', 'Black_Desert_Online.png', 'https://www.youtube.com/watch?v=cjniChD6UiI', 8.60, 10000000),
('Star Wars: The Old Republic', 0.00, 'BioWare', '2011-12-20', 'An MMORPG set in the Star Wars universe with rich storytelling.', 'Star_Wars_The_Old_Republic.png', 'https://www.youtube.com/watch?v=cEs2CgiQ6Xw', 8.50, 10000000),
('New World', 39.99, 'Amazon Games', '2021-09-28', 'An ambitious MMORPG set in a supernatural version of the Americas.', 'New_World.png', 'https://www.youtube.com/watch?v=jqIdYtW3je0', 7.80, 5000000),
('Albion Online', 0.00, 'Sandbox Interactive', '2017-07-17', 'A player-driven MMORPG with a classless combat system and an emphasis on economy.', 'Albion_Online.png', 'https://www.youtube.com/watch?v=eBU_Fxd0Jf4', 8.10, 5000000),
('Mario Kart 8 Deluxe', 59.99, 'Nintendo', '2017-04-28', 'A fun-filled racing game perfect for parties, featuring iconic Nintendo characters.', 'Mario_Kart_8_Deluxe.png', 'https://www.youtube.com/watch?v=tKlRN2YpxRE', 9.40, 55000000),
('Fall Guys: Ultimate Knockout', 19.99, 'Mediatonic', '2020-08-04', 'A hilarious party game where players compete in chaotic obstacle courses.', 'Fall_Guys.png', 'https://www.youtube.com/watch?v=AyADwdiW7rQ', 8.30, 15000000),
('Jackbox Party Pack 9', 29.99, 'Jackbox Games', '2022-10-20', 'A collection of hilarious party games that are easy to pick up and play.', 'Jackbox_Party_Pack_9.png', 'https://www.youtube.com/watch?v=GP8JEeOOwY0', 8.50, 2000000),
('Animal Crossing: New Horizons', 59.99, 'Nintendo', '2020-03-20', 'A relaxing life-simulation game where you create your perfect island getaway.', 'Animal_Crossing_New_Horizons.png', 'https://www.youtube.com/watch?v=_3YNL0OWio0', 9.60, 42000000),
('Splatoon 3', 59.99, 'Nintendo', '2022-09-09', 'A colorful and fun multiplayer game centered around ink-splattering battles.', 'Splatoon_3.png', 'https://www.youtube.com/watch?v=-xh-HuNsoBw', 9.00, 12000000),
('Wii Sports', 0.00, 'Nintendo', '2006-11-19', 'An iconic collection of sports games that revolutionized casual gaming.', 'Wii_Sports.png', 'https://www.youtube.com/watch?v=zqaPFAZS1K8', 9.20, 82000000),
('Pummel Party', 14.99, 'Rebuilt Games', '2018-09-20', 'A chaotic and humorous party game with brutal mini-games.', 'Pummel_Party.png', 'https://www.youtube.com/watch?v=oiYG0Ov5jKE', 8.10, 2000000),
('Overcooked! 2', 24.99, 'Team17', '2018-08-07', 'A frantic co-op cooking game that challenges players to work together.', 'Overcooked_2.png', 'https://www.youtube.com/watch?v=lcVISRmANIo', 8.60, 5000000),
('Gang Beasts', 19.99, 'Boneloaf', '2017-12-12', 'A wacky multiplayer game where gelatinous characters fight in absurd arenas.', 'Gang_Beasts.png', 'https://www.youtube.com/watch?v=Vz0BriND6pE', 8.00, 3000000),
('Resident Evil Village', 59.99, 'Capcom', '2021-05-07', 'A survival horror game that follows Ethan Winters as he searches for his kidnapped daughter in a village filled with terrifying creatures.', 'Resident_Evil_Village.png', 'https://www.youtube.com/watch?v=QKocYiRHYlI', 9.30, 12000000),
('Resident Evil 4 Remake', 59.99, 'Capcom', '2023-03-24', 'A complete remake of the classic horror game, with modern graphics and gameplay while preserving the original experience.', 'Resident_Evil_4_Remake.png', 'https://www.youtube.com/watch?v=j5Xv2lM9wes', 9.50, 8000000),
('Dead Space Remake', 59.99, 'EA Motive', '2023-01-27', 'A remake of the 2008 classic survival horror game, set on a haunted spaceship with a horrifying atmosphere.', 'Dead_Space_Remake.png', 'https://www.youtube.com/watch?v=C1yiuM7blIw', 9.20, 4000000),
('Outlast II', 29.99, 'Red Barrels', '2017-04-25', 'A first-person psychological horror game that challenges players to survive against terrifying enemies and solve puzzles.', 'Outlast_II.png', 'https://www.youtube.com/watch?v=MKrUZ36IVAY', 8.70, 5000000),
('Amnesia: The Dark Descent', 19.99, 'Frictional Games', '2010-09-08', 'A survival horror game that immerses players in a dark, creepy mansion filled with terrifying creatures and puzzles.', 'Amnesia_The_Dark_Descent.png', 'https://www.youtube.com/watch?v=u1nY_5-UrY4', 9.00, 8000000),
('Layers of Fear', 19.99, 'Bloober Team', '2016-02-16', 'A psychological horror game where players experience a disturbed artist’s descent into madness.', 'Layers_of_Fear.png', 'https://www.youtube.com/watch?v=CyDs5UJfvks', 8.20, 4000000),
('The Evil Within 2', 39.99, 'Bethesda Softworks', '2017-10-13', 'A survival horror game set in a nightmarish world filled with horrifying enemies and puzzles.', 'The_Evil_Within_2.png', 'https://www.youtube.com/watch?v=aEBnIsVvECA', 8.40, 3000000),
('Phasmophobia', 13.99, 'Kinetic Games', '2020-09-18', 'A co-op horror game where players must investigate paranormal activity in haunted locations.', 'Phasmophobia.png', 'https://www.youtube.com/watch?v=adFNARIHlOs', 8.80, 6000000),
('Little Nightmares II', 29.99, 'Tarsier Studios', '2021-02-11', 'A dark and eerie platformer that follows a young boy and girl as they escape terrifying creatures in a nightmarish world.', 'Little_Nightmares_II.png', 'https://www.youtube.com/watch?v=AI9zBBTyX-E', 8.90, 4000000),
('Mortal Kombat 11', 59.99, 'Warner Bros. Interactive Entertainment', '2019-04-23', 'A brutal fighting game that continues the iconic Mortal Kombat series with new characters and fatalities.', 'Mortal_Kombat_11.png', 'https://www.youtube.com/watch?v=7zwQPJmg-Kg', 9.00, 12000000),
('Street Fighter 6', 59.99, 'Capcom', '2023-06-02', 'A modern entry in the legendary fighting franchise, featuring new mechanics and characters.', 'Street_Fighter_6.png', 'https://www.youtube.com/watch?v=4EnsDg6DCTE', 9.20, 5000000),
('Tekken 7', 49.99, 'Bandai Namco Entertainment', '2017-06-02', 'A long-running fighting game series with deep mechanics and a huge roster of characters.', 'Tekken_7.png', 'https://www.youtube.com/watch?v=1V-_q3SKh5w', 8.80, 8000000),
('Guilty Gear Strive', 59.99, 'Arc System Works', '2021-06-11', 'A visually stunning and fast-paced fighting game that features a cast of unique characters and deep mechanics.', 'Guilty_Gear_Strive.png', 'https://www.youtube.com/watch?v=-rbffP5aQoA', 9.10, 3000000),
('Dragon Ball FighterZ', 59.99, 'Bandai Namco Entertainment', '2018-01-26', 'A highly regarded fighting game featuring characters from the Dragon Ball universe with fast-paced, visually impressive combat.', 'Dragon_Ball_FighterZ.png', 'https://www.youtube.com/watch?v=LwdLKPumEaU', 9.00, 7000000),
('Injustice 2',9.99, 'Warner Bros. Interactive Entertainment', '2017-05-16', 'A superhero-based fighting game where players battle as characters from the DC Comics universe.', 'Injustice_2.png', 'https://www.youtube.com/watch?v=GXplrOBNfcU', 8.70, 6000000),
('Super Smash Bros. Ultimate', 59.99, 'Nintendo', '2018-12-07', 'A chaotic and exciting brawler with characters from various franchises.', 'Super_Smash_Bros_Ultimate.png', 'https://www.youtube.com/watch?v=58Mm4zm5ZAk', 9.50, 33000000),
('Soulcalibur VI', 59.99, 'Bandai Namco Entertainment', '2018-10-19', 'A weapon-based fighting game with a long history and roster of unique characters.', 'Soulcalibur_VI.png', 'https://www.youtube.com/watch?v=ipt2YiTpr0k', 8.50, 4000000),
('Dead or Alive 6', 59.99, 'Koei Tecmo', '2019-03-01', 'A fast-paced fighting game known for its highly detailed graphics and fluid combat mechanics.', 'Dead_or_Alive_6.png', 'https://www.youtube.com/watch?v=_-ZZzvxAwtk', 8.30, 3000000),
('King of Fighters XV', 59.99, 'SNK', '2022-02-17', 'A classic 2D fighting game with a cast of diverse characters and fast-paced gameplay.', 'King_of_Fighters_XV.png', 'https://www.youtube.com/watch?v=i-R_EQUIRA8', 8.60, 2000000),
('Portal 2', 19.99, 'Valve', '2011-04-18', 'A first-person puzzle game that combines innovative mechanics and dark humor.', 'Portal_2.png', 'https://www.youtube.com/watch?v=8_Ki0Gfczfo', 9.50, 11000000),
('Tetris Effect: Connected', 39.99, 'Monstars', '2020-11-10', 'A visually stunning version of the classic Tetris game with new modes and effects.', 'Tetris_Effect_Connected.png', 'https://www.youtube.com/watch?v=DVN1fBewyL8', 9.00, 2000000),
('Baba Is You', 14.99, 'Hempuli', '2019-03-13', 'A unique puzzle game where players manipulate the rules of the game to solve challenges.', 'Baba_Is_You.png', 'https://www.youtube.com/watch?v=z3_yA4HTJfs', 9.20, 1500000),
('Human: Fall Flat', 14.99, 'No Brakes Games', '2016-07-22', 'A physics-based puzzle game that challenges players to solve puzzles with unique mechanics.', 'Human_Fall_Flat.png', 'https://www.youtube.com/watch?v=T_uA48H1-g4', 8.50, 8000000),
('Monument Valley', 4.99, 'ustwo games', '2017-11-06', 'A visually captivating puzzle game where players manipulate the environment to guide characters through an abstract world.', 'Monument_Valley_2.png', 'https://www.youtube.com/watch?v=tW2KUxyq8Vg', 9.30, 7000000),
('Puzzle Quest: Challenge of the Warlords', 0.00, 'Infinity Plus 2', '2021-10-01', 'A match-3 puzzle game with RPG elements that features story-driven gameplay and strategic battles.', 'Puzzle_Quest_3.png', 'https://www.youtube.com/watch?v=fwW7Th09WBg', 8.00, 4000000),
('It Takes Two', 39.99, 'Electronic Arts', '2021-03-26', 'A cooperative puzzle platformer that follows two characters on an emotional journey through imaginative worlds.', 'It_Takes_Two.png', 'https://www.youtube.com/watch?v=2AysHTv7X8k', 9.40, 6000000),
('Escape Simulator', 19.99, 'Pine Studio', '2021-10-19', 'A puzzle game that simulates real-life escape rooms where players solve puzzles to escape each room.', 'Escape_Simulator.png', 'https://www.youtube.com/watch?v=2VT7_tfRYV8', 8.60, 2000000),
('Unpacking', 19.99, 'Witch Beam', '2021-11-02', 'A relaxing puzzle game where players unpack boxes and organize items in various rooms of a new home.', 'Unpacking.png', 'https://www.youtube.com/watch?v=m8veArgF8rw', 8.80, 3000000),
('Asphalt 9', 0.00, 'Gameloft', '2018-07-25', 'Asphalt 9 is a fast-paced arcade racing game featuring stunning graphics, an expansive roster of cars, and adrenaline-filled races.', 'asphalt_9.jpg', 'https://www.youtube.com/watch?v=ot63S91Ihwk', 4.5, 100000000),
('Baldur\'s Gate 2', 49.99, 'BioWare', '2000-09-24', 'Baldur\'s Gate 2 is a classic RPG set in the Dungeons & Dragons universe, featuring a deep story, memorable characters, and tactical combat.', 'baldurs_gate_2.jpg', 'https://www.youtube.com/watch?v=EPm_mHZYKqQ', 4.8, 4000000),
('BioShock Infinite', 59.99, '2K Games', '2013-03-26', 'BioShock Infinite is a first-person shooter set in the floating city of Columbia, blending a gripping story with unique combat and a stunning art style.', 'bioshock_infinite.jpg', 'https://www.youtube.com/watch?v=T9CcbwO9LFk', 4.9, 11000000),
('Call of Duty: Black Ops', 59.99, 'Activision', '2010-11-09', 'Call of Duty: Black Ops takes players into covert Cold War operations with a gripping campaign, multiplayer, and the iconic Zombies mode.', 'call_of_duty_black_ops.jpg', 'https://www.youtube.com/watch?v=OPTOVQFRggI', 4.6, 30000000),
('Call of Duty: Black Ops 2', 59.99, 'Activision', '2012-11-13', 'Black Ops 2 features a futuristic setting with branching storylines, advanced weapons, and enhanced Zombies mode.', 'call_of_duty_black_ops_2.jpg', 'https://www.youtube.com/watch?v=x3tedlWs1XY', 4.7, 31000000),
('Call of Duty: Black Ops 3', 59.99, 'Activision', '2015-11-06', 'Black Ops 3 introduces co-op campaigns, a revamped Zombies mode, and fluid multiplayerement mechanics.', 'call_of_duty_black_ops_3.jpg', 'https://www.youtube.com/watch?v=NoqpX0AS_1g', 4.5, 26000000),
('Call of Duty: Black Ops 4', 59.99, 'Activision', '2018-10-12', 'Black Ops 4 brings a battle royale mode, expanded Zombies content, and classic multiplayer action.', 'call_of_duty_black_ops_4.jpg', 'https://www.youtube.com/watch?v=6kqe2ICmTxc', 4.3, 24000000),
('Call of Duty: Black Ops 6', 59.99, 'Activision', '2024-11-10', 'Black Ops 6 continues the iconic series with a mix of futuristic tech, gripping storylines, and expanded multiplayer modes.', 'call_of_duty_black_ops_6.jpg', 'https://www.youtube.com/watch?v=LrBzuHF0sHs', 4.5, 20000000),
('Bully', 19.99, 'Rockstar Games', '2006-10-17', 'Bully is an open-world game where players assume the role of a mischievous student navigating the social hierarchy of Bullworth Academy.', 'bully.jpg', 'https://www.youtube.com/watch?v=88KNf0MtU14', 4.5, 8000000),
('The Callisto Protocol', 59.99, 'Striking Distance Studios', '2022-12-02', 'The Callisto Protocol is a survival horror game set in a prison on Jupiter\'s moon, blending terrifying combat and immersive storytelling.', 'callisto_protocol.jpg', 'https://www.youtube.com/watch?v=IT7swHyN8FQ', 4.2, 3000000),
('Counter-Strike 2', 0.00, 'Valve', '2023-09-27', 'Counter-Strike 2 is a competitive first-person shooter with updated graphics, new mechanics, and the classic tactical gameplay fans love.', 'counterstrike_2.jpg', 'https://www.youtube.com/watch?v=c80dVYcL69E', 4.8, 50000000),
('Dead Space 2', 59.99, 'EA', '2011-01-25', 'Dead Space 2 continues the horror with Isaac Clarke fighting Necromorphs in an intense, action-packed sequel.', 'dead_space_2.jpg', 'https://www.youtube.com/watch?v=776fi2I8e6U', 4.7, 5000000),
('Dead Space 3', 59.99, 'EA', '2013-02-05', 'Dead Space 3 introduces co-op gameplay and expands the series\' sci-fi horror with new environments and storylines.', 'dead_space_3.jpg', 'https://www.youtube.com/watch?v=OvTR_gkgYZM', 4.4, 4500000),
('Call of Duty: Black Ops Cold War', 59.99, 'Activision', '2020-11-13', 'Cold War takes players back to the 1980s with a Cold War-themed campaign, multiplayer, and Zombies.', 'call_of_duty_black_ops_cold_war.jpg', 'https://www.youtube.com/watch?v=JXOY-HWTErs', 4.4, 25000000),
('DOOM Eternal', 59.99, 'Bethesda', '2020-03-20', 'DOOM Eternal is a high-octane first-person shooter where players slay demons across stunning environments with brutal weapons.', 'doom_eternal.jpg', 'https://www.youtube.com/watch?v=_UuktemkCFI', 4.9, 7000000),
('DOOM', 59.99, 'id Software', '1993-12-10', 'DOOM is the iconic first-person shooter that defined the genre, featuring fast-paced demon-slaying gameplay.', 'doom.jpg', 'https://www.youtube.com/watch?v=RO90omga8D4', 4.9, 10000000),
('DOOM 3', 59.99, 'id Software', '2004-08-03', 'DOOM 3 takes a more horror-focused approach, blending intense combat with atmospheric storytelling.', 'doom_3.jpg', 'https://www.youtube.com/watch?v=j8NaZZa54cs', 4.6, 5000000),
('Fire Emblem: Three Houses', 59.99, 'Nintendo', '2019-07-26', 'Three Houses is a tactical RPG where players guide students at a military academy and make choices that shape the story.', 'fire_emblem_3_houses.jpg', 'https://www.youtube.com/watch?v=rkux5h0PeXo&t=14s', 4.8, 4500000),
('Mortal Kombat 1', 59.99, 'NetherRealm Studios', '2023-09-14', 'Mortal Kombat 1 reboots the iconic fighting game series with new storylines, characters, and brutal gameplay.', 'mortal_kombat_1.jpg', 'https://www.youtube.com/watch?v=MYa7L4jp11E', 4.7, 5000000),
('Mortal Kombat X', 59.99, 'NetherRealm Studios', '2015-04-14', 'Mortal Kombat X introduces a new generation of fighters with visceral combat and an engaging storyline.', 'mortal_kombat_x.jpg', 'https://www.youtube.com/watch?v=KCHmqJgs1ow', 4.5, 7000000),
('Minecraft', 29.99, 'Mojang Studios', '2011-11-18', 'Minecraft is a sandbox game that allows players to build, explore, and survive in a blocky, procedurally generated world.', 'minecraft.jpg', 'https://www.youtube.com/watch?v=MmB9b5njVbA', 4.9, 238000000),
('Battlefield 1', 59.99, 'Electronic Arts', '2016-10-21', 'Battlefield 1 takes you back to World War I, featuring epic battles, trench warfare, and large-scale destruction.', 'battlefield_1.jpg', 'https://www.youtube.com/watch?v=YwSFUNMrWvk', 4.5, 15000000),
('Battlefield 2042', 59.99, 'Electronic Arts', '2021-11-19', 'Battlefield 2042 is set in the near future, offering cutting-edge warfare with massive maps, dynamic weather, and new game modes.','battlefield2042.jpg' , 'https://www.youtube.com/watch?v=ASzOzrB-a9E', 3.2, 5000000),
('Battlefield 3', 49.99, 'Electronic Arts', '2011-10-25', 'Battlefield 3 features modern-day warfare with immersive graphics, vehicle combat, and intense multiplayer modes.', 'battlefield_3.jpg', 'https://www.youtube.com/watch?v=9DM7NsxOS0Q', 4.7, 25000000),
('Battlefield 4', 59.99, 'Electronic Arts', '2013-10-29', 'Battlefield 4 offers next-gen graphics, large-scale destruction, and a dynamic battlefield environment with an emphasis on team play.', 'battlefield_4.jpg', 'https://www.youtube.com/watch?v=hl-VV9loYLw', 4.6, 22000000),
('Battlefield V', 59.99, 'Electronic Arts', '2018-11-20', 'Battlefield V focuses on World War II with new modes, improved destruction, and enhanced teamwork mechanics in a variety of historic battles.', 'battlefield_V.jpg', 'https://www.youtube.com/watch?v=9OTkhsJUK0U', 4.3, 18000000),
('Assassin\'s Creed Origins', 59.99, 'Ubisoft', '2017-10-27', 'Explore the origins of the Assassin Brotherhood in ancient Egypt.', 'origins.jpg', 'https://www.youtube.com/watch?v=-1gZLmI9e5w', 4.8, 10000000),
('Assassin\'s Creed Odyssey', 59.99, 'Ubisoft', '2018-10-05', 'Dive into ancient Greece and shape your destiny as a legendary Spartan hero.', 'odyssey.jpg', 'https://www.youtube.com/watch?v=_ddQqzwH__4', 4.7, 11000000),
('Assassin\'s Creed Rogue', 39.99, 'Ubisoft', '2014-11-11', 'Follow the journey of Shay, an Assassin turned Templar, during the Seven Years War.', 'rogue.jpg', 'https://www.youtube.com/watch?v=RDeyI31pG8A', 4.4, 5000000),
('Assassin\'s Creed Unity', 49.99, 'Ubisoft', '2014-11-11', 'Join Arno in the French Revolution and experience a stunningly detailed Paris.', 'unity.jpg', 'https://www.youtube.com/watch?v=m7Tb1pFl5_8', 4.2, 8000000),
('Assassin\'s Creed Syndicate', 59.99, 'Ubisoft', '2015-10-23', 'Lead the Frye twins to liberate Victorian London from Templar control.', 'syndicate.jpg', 'https://www.youtube.com/watch?v=aSM_HzyOWOA', 4.3, 6000000),
('Assassin\'s Creed Mirage', 49.99, 'Ubisoft', '2023-10-05', 'Return to the roots of Assassin\'s Creed in this Baghdad-based adventure.', 'mirage.jpg', 'https://www.youtube.com/watch?v=IRNOoOYVn80', 4.6, 4000000),
('Age of Empires II', 29.99, 'Microsoft', '1999-09-30', 'A classic real-time strategy game set across different historical periods.', 'aoe2.jpg', 'https://www.youtube.com/watch?v=N6kd1SYHW5k', 4.9, 25000000),
('Age of Empires III', 39.99, 'Microsoft', '2005-10-18', 'A sequel to the acclaimed Age of Empires series, focusing on the colonial era.', 'aoe3.jpg', 'https://www.youtube.com/watch?v=UJ6T4BquQH0', 4.6, 20000000),
('DiRT 3', 39.99, 'Codemasters', '2011-05-24', 'DiRT 3 is an off-road racing game featuring rally and gymkhana events with a wide variety of vehicles and challenging environments.', 'dirt3.jpg', '', 4.5, 8000000),
('DiRT 4', 59.99, 'Codemasters', '2017-06-06', 'DiRT 4 offers a thrilling off-road racing experience with dynamic weather, new modes, and over 50 rally cars.', 'dirt4.jpg', 'https://www.youtube.com/watch?v=V_DcVA2QzDM', 4.2, 5000000),
('Dead or Alive 5', 39.99, 'Koei Tecmo', '2012-09-25', 'Dead or Alive 5 is a fast-paced, action-packed fighting game featuring a diverse roster of characters with intricate combat mechanics.', 'deadoralive5.jpg', 'https://www.youtube.com/watch?v=Qqui4LkqsrI', 4.3, 4000000),
('F1 23', 69.99, 'Codemasters', '2023-07-30', 'F1 23 brings the excitement of Formula 1 racing to life with realistic tracks, cars, and a career mode that challenges players to be the best.', 'F1_23.jpg', 'https://www.youtube.com/watch?v=ewOZTzM3vUY', 4.7, 3000000),
('Fable II', 19.99, 'Microsoft Game Studios', '2008-10-21', 'Fable II is an action RPG with a vast open world, offering rich quests, character development, and choices that shape the story.', 'fable2.jpg', 'https://www.youtube.com/watch?v=5pouqKKjh_M', 4.6, 6000000),
('Fable III', 29.99, 'Microsoft Game Studios', '2010-10-26', 'Fable III continues the series with a more refined action RPG experience, featuring moral choices, new abilities, and a deeper narrative.', 'fable3.jpg', 'https://www.youtube.com/watch?v=QJnT3u01k18', 4.4, 5000000),
('Far Cry 2', 49.99, 'Ubisoft', '2008-10-21', 'Far Cry 2 is a first-person shooter with an open-world setting, where players are tasked with eliminating a warlord in a dangerous African country.', 'farcry2.jpg', 'https://www.youtube.com/watch?v=gf5h4co4Ydc', 3.9, 8000000),
('Far Cry 3', 59.99, 'Ubisoft', '2012-12-04', 'Far Cry 3 offers an open-world tropical island adventure with a compelling narrative, dangerous wildlife, and intense combat mechanics.', 'farcry3.jpg', 'https://www.youtube.com/watch?v=i2c1f_RDgGg', 4.7, 15000000),
('Far Cry 4', 59.99, 'Ubisoft', '2014-11-18', 'Far Cry 4 expands the series with a new Himalayan setting, new vehicles, and improved multiplayer features while maintaining the core gameplay elements.','farcry4.jpg', 'https://www.youtube.com/watch?v=xI6uV47jKME', 4.5, 12000000),
('Far Cry 6', 59.99, 'Ubisoft', '2021-10-07', 'Far Cry 6 brings a new island nation, where players fight against a ruthless dictator with a variety of weapons and guerrilla tactics.', 'farcry6.jpg', 'https://www.youtube.com/watch?v=DFze21M_O6s', 3.8, 8000000),
('FIFA 14', 59.99, 'EA Sports', '2013-09-24', 'FIFA 14 brings improved gameplay mechanics, enhanced graphics, and a refined career mode to the popular football simulation series.', 'fifa_14.jpg', 'https://www.youtube.com/watch?v=ZVx7vqtzACE', 4.5, 10000000),
('FIFA 17', 59.99, 'EA Sports', '2016-09-29', 'FIFA 17 introduces a new story mode, enhanced career features, and improved graphics for the most realistic football simulation experience.', 'fifa_17.jpg', 'https://www.youtube.com/watch?v=-3fjoe5Njpc', 4.6, 15000000),
('FIFA 18', 59.99, 'EA Sports', '2017-09-29', 'FIFA 18 introduces new gameplay mechanics and features like the story mode and improved ball control, with stunning visuals for next-gen consoles.', 'fifa_18.jpg', 'https://www.youtube.com/watch?v=Hocyr5izAAQ', 4.5, 18000000),
('FIFA 19', 59.99, 'EA Sports', '2018-09-28', 'FIFA 19 introduces UEFA Champions League and enhanced gameplay for an even more immersive football experience.', 'fifa_19.jpg', 'https://www.youtube.com/watch?v=OumZxTdMq_c', 4.4, 19000000),
('FIFA 20', 59.99, 'EA Sports', '2019-09-27', 'FIFA 20 features new VOLTA Football, offering a fresh take on street and futsal football, as well as updates to the core gameplay mechanics.', 'fifa_20.jpg', 'https://www.youtube.com/watch?v=XilsKZmWoBY', 4.3, 16000000),
('FIFA 21', 59.99, 'EA Sports', '2020-10-09', 'FIFA 21 brings new gameplay innovations, including improved AI and skilles, as well as career mode improvements and VOLTA updates.', 'fifa_21.jpg', 'https://www.youtube.com/watch?v=wppi4Kjzubk', 4.2, 14000000),
('FIFA 22', 59.99, 'EA Sports', '2021-10-01', 'FIFA 22 features new HyperMotion technology for improved player animations, as well as more detailed career mode and ultimate team features.', 'fifa_22.jpg', 'https://www.youtube.com/watch?v=SYsi5QuOJNE', 4.4, 17000000),
('FC 24', 69.99, 'EA Sports', '2023-09-29', 'FC 24 is the latest entry in the FIFA franchise with enhanced graphics, improved gameplay, and a new experience for both career and ultimate team modes.', 'fc24.jpg', 'https://www.youtube.com/watch?v=N91EB85mq4E', 4.5, 5000000),
('FC 25', 69.99, 'EA Sports', '2024-09-29', 'FC 25 pushes the football simulation genre with next-gen features, better ball physics, and a deeper dive into player emotions and career paths.', 'fc25.jpg', 'https://www.youtube.com/watch?v=RefXbk1_taI', 4.7, 2000000),
('Call of Duty: Advanced Warfare', 59.99, 'Activision', '2014-11-04', 'Call of Duty: Advanced Warfare introduces futuristic warfare with exoskeletons, new weapons, and high-tech combat.', 'cod_advanced_warfare.jpg', 'https://www.youtube.com/watch?v=YSp8ZqIKEIM', 4.3, 21000000),
('Call of Duty: Ghosts', 59.99, 'Activision', '2013-11-05', 'Call of Duty: Ghosts offers an engaging narrative with new gameplay mechanics, including customizable soldiers and new killstreaks.', 'cod_ghosts.jpg', 'https://www.youtube.com/watch?v=tUBcYogq-3M', 3.9, 20000000),
('Call of Duty: Infinite Warfare', 59.99, 'Activision', '2016-11-04', 'Call of Duty: Infinite Warfare takes players to space, with futuristic combat, space warfare, and a rich single-player campaign.', 'cod_infinite_warfare.jpg', 'https://www.youtube.com/watch?v=EeF3UTkCoxY', 3.7, 15000000),
('Call of Duty: Modern Warfare 2', 59.99, 'Activision', '2009-11-10', 'Modern Warfare 2 is a classic entry in the series, featuring intense combat and a compelling storyline, set in modern-day conflicts.', 'cod_mw2.jpg', 'https://www.youtube.com/watch?v=blshENwbHgs', 4.8, 30000000),
('Call of Duty: Modern Warfare 3', 59.99, 'Activision', '2011-11-08', 'Modern Warfare 3 continues the action-packed narrative with high-stakes missions and advanced multiplayer modes.', 'cod_mw3.jpg', 'https://www.youtube.com/watch?v=1xjCdN_rWCE', 4.6, 28000000),
('Call of Duty: Vanguard', 59.99, 'Activision', '2021-11-05', 'Call of Duty: Vanguard brings WWII back to the series with fast-paced combat, a gripping single-player campaign, and exciting multiplayer.', 'cod_vanguard.jpg', 'https://www.youtube.com/watch?v=6hE_DTx_i0M', 3.8, 10000000),
('Call of Duty: WWII', 59.99, 'Activision', '2017-11-03', 'Call of Duty: WWII takes players back to the roots of the franchise with classic combat and a story set during World War II.', 'cod_ww2.jpg', 'https://www.youtube.com/watch?v=D4Q_XYVescc', 4.5, 20000000),
('God of War: Ascension', 39.99, 'Sony Computer Entertainment', '2013-03-12', 'God of War: Ascension is a prequel to the original series, exploring Kratos\' early years and his struggle for redemption before becoming the God of War.', 'god_of_war_ascension.jpg', 'https://www.youtube.com/watch?v=VJMK8oFY1rA', 4.1, 7000000),
('God of War: Ragnarok', 69.99, 'Sony Interactive Entertainment', '2022-11-09', 'God of War: Ragnarok continues Kratos\' journey with his son Atreus, exploring Norse mythology in an epic story filled with action, puzzles, and powerful enemies.', 'god_of_war_ragnarok.jpg', 'https://www.youtube.com/watch?v=g1wr0DfV73E', 4.9, 20000000),
('Halo 2', 29.99, 'Microsoft Game Studios', '2004-11-09', 'Halo 2 continues the saga of Master Chief, with new weapons, vehicles, and an expanded multiplayer mode, delivering an even more intense combat experience.', 'halo2.jpg', 'https://www.youtube.com/watch?v=QHnljglQ8Ag', 4.7, 8000000),
('Halo 3', 29.99, 'Microsoft Game Studios', '2007-09-25', 'Halo 3 concludes the trilogy, bringing the epic battle against the Covenant to a dramatic conclusion, with enhanced multiplayer features and co-op gameplay.', 'halo3.jpg', 'https://www.youtube.com/watch?v=yMwXD_zQfRw', 4.8, 14000000),
('Halo 4', 59.99, '343 Industries', '2012-11-06', 'Halo 4 introduces a new chapter in the Master Chief saga with an exciting new enemy, the Prometheans, and an expanded multiplayer experience.', 'halo4.jpg', 'https://www.youtube.com/watch?v=GO376G4tbGM', 4.6, 10000000),
('Halo 5: Guardians', 59.99, '343 Industries', '2015-10-27', 'Halo 5: Guardians delivers intense multiplayer action with a focus on teamwork, while continuing the story of Master Chief and the mysterious Spartan Locke.', 'halo_5.jpg', 'https://www.youtube.com/watch?v=Rh_NXwqFvHc', 4.4, 8000000),
('Halo Infinite', 69.99, '343 Industries', '2021-12-08', 'Halo Infinite brings the iconic franchise back to its roots with an open-world campaign, new weapons, and expansive multiplayer modes, offering an immersive experience.', 'halo_infinite.jpg', 'https://www.youtube.com/watch?v=PyMlV5_HRWk', 4.7, 12000000),
('Halo Wars', 49.99, 'Microsoft Game Studios', '2009-02-26', 'Halo Wars is a real-time strategy game set in the Halo universe, where players command units and lead humanity’s defense against the Covenant in the early years of the war.', 'halo_wars.jpg', 'https://www.youtube.com/watch?v=l785cqiTPpw', 4.2, 4000000),
('Forza Horizon 4', 59.99, 'Microsoft Studios', '2018-10-02', 'Forza Horizon 4 is an open-world racing game with dynamic seasons, stunning visuals, and a variety of cars, offering an exhilarating racing experience.', 'forza_horizon_4.jpg', 'https://www.youtube.com/watch?v=RCRYs7yfeo4', 4.8, 10000000),
('Hogwarts Legacy', 69.99, 'Warner Bros. Interactive Entertainment', '2023-02-10', 'Hogwarts Legacy is an open-world action RPG set in the Harry Potter universe, where players experience life as a student at Hogwarts in the 1800s.', 'hogwarts_legacy.jpg', 'https://www.youtube.com/watch?v=BtyBjOW8sGY', 4.7, 8000000),
('Knack', 39.99, 'Sony Computer Entertainment', '2013-11-15', 'Knack is an action-platformer where players control a small creature who can grow in size and power, fighting through various levels to save the world.', 'knack.jpg', 'https://www.youtube.com/watch?v=wbjR-_1cgTA', 3.8, 4000000),
('Knack 2', 49.99, 'Sony Interactive Entertainment', '2017-09-05', 'Knack 2 improves upon its predecessor with enhanced gameplay mechanics, a co-op mode, and an even more engaging story.', 'knack_2.jpg', 'https://www.youtube.com/watch?v=peYgPDKFXIA', 4.2, 3000000),
('League of Legends', 0.00, 'Riot Games', '2009-10-27', 'League of Legends is a competitive multiplayer online battle arena game where players control powerful champions in 5v5 matches.', 'league_of_legends.jpg', 'https://www.youtube.com/watch?v=BEbPi89HZ0I', 4.6, 150000000),
('Mafia III', 59.99, '2K Games', '2016-10-07', 'Mafia III is an open-world action-adventure game set in the 1960s, where players control Lincoln Clay, a war veteran seeking revenge on the mob.', 'mafia_3.jpg', 'https://www.youtube.com/watch?v=TNiHOpHbCzM', 4.1, 8000000),
('Martha is Dead', 49.99, 'LKA', '2022-02-24', 'Martha is Dead is a psychological horror game set in Italy during World War II, where the player must uncover dark secrets surrounding a twin sister\'s death.', 'martha_is_dead.jpg', 'https://www.youtube.com/watch?v=vN-d-8nEo4w', 4.2, 2000000),
('Mass Effect', 59.99, 'Electronic Arts', '2021-05-14', 'Mass Effect is a collection of the iconic Mass Effect trilogy with updated graphics and improved gameplay, offering a thrilling sci-fi RPG experience.', 'mass_effect_1.jpg', 'https://www.youtube.com/watch?v=Dcg9_iaDhNk', 4.9, 12000000),
('Mass Effect 2', 59.99, 'Electronic Arts', '2010-01-26', 'Mass Effect 2 continues the story of Commander Shepard as he assembles a crew to stop a galactic threat, blending RPG elements with action-packed gameplay.', 'mass_effect_2.jpg', 'https://www.youtube.com/watch?v=lx9sPQpjgjU', 4.8, 13000000),
('Mass Effect 3', 59.99, 'Electronic Arts', '2012-03-06', 'Mass Effect 3 concludes the trilogy with epic battles, story-driven choices, and intense combat, where Commander Shepard faces the Reapers to save humanity.', 'mass_effect_3.jpg', 'https://www.youtube.com/watch?v=AluTOOCVXVQ', 4.8, 14000000),
('Metro Exodus', 59.99, 'Deep Silver', '2019-02-15', 'Metro Exodus is a first-person shooter set in a post-apocalyptic Russia, combining stealth, exploration, and tactical combat with a gripping story.', 'metro_exodus.jpg', 'https://www.youtube.com/watch?v=c_YddLpfD5o', 4.5, 6000000),
('MotoGP 22', 69.99, 'Milestone', '2022-04-21', 'MotoGP 22 offers a realistic motorcycle racing experience, featuring all official teams, riders, and circuits, with enhanced AI and physics for immersive gameplay.', 'moto_gp_22.jpg', 'https://www.youtube.com/watch?v=kkami8prCjI', 4.3, 2000000),
('NBA 2K24', 59.99, '2K Sports', '2023-09-08', 'NBA 2K24 is a basketball simulation game offering realistic gameplay, enhanced graphics, and an expanded MyCareer mode for basketball fans worldwide.', 'nba_2k24.jpg', 'https://www.youtube.com/watch?v=BZvwJpvEjWE', 4.7, 5000000),
('NBA 2K25', 59.99, '2K Sports', '2024-09-01', 'NBA 2K25 continues the series with new game mechanics, more detailed player models, and exciting updates to the MyCareer and MyTeam modes.', 'nba_2k25.jpg', 'https://www.youtube.com/watch?v=qx0A921z8mA', 4.6, 3000000),
('NFL 25', 59.99, 'EA Sports', '2014-08-26', 'NFL 25 is a sports simulation game that celebrates the 25th anniversary of the NFL franchise with enhanced graphics, gameplay, and a focus on the next generation of NFL stars.', 'nfl_25.jpg', 'https://www.youtube.com/watch?v=oqHo4SLScgM', 4.5, 4000000),
('Nioh', 59.99, 'Sony Interactive Entertainment', '2017-02-07', 'Nioh is an action RPG set in feudal Japan, where players fight samurai, demons, and mythical creatures in a quest for power and vengeance.', 'nioh.jpg', 'https://www.youtube.com/watch?v=aMTH7Byv5vE', 4.4, 5000000),
('No Man\'s Sky', 59.99, 'Hello Games', '2016-08-09', 'No Man\'s Sky is an exploration game set in an infinite, procedurally generated universe, offering players the chance to discover new planets, species, and resources.', 'no_mans_sky.jpg', 'https://www.youtube.com/watch?v=aozqa_7PLhE', 4.3, 8000000),
('Outlast Trials', 39.99, 'Red Barrels', '2023-05-18', 'Outlast Trials is a co-op survival horror game set in the Outlast universe, where players must escape terrifying environments while solving complex puzzles.', 'outlast_trials.jpg', 'https://www.youtube.com/watch?v=Ny1xR_4-6QA', 4.5, 2000000),
('Outlast', 19.99, 'Red Barrels', '2013-09-04', 'Outlast is a first-person survival horror game where players must navigate through a mental asylum, using stealth and wits to survive deadly encounters.', 'outlast.jpg', 'https://www.youtube.com/watch?v=Q97yE2zkNvs', 4.4, 8000000),
('Payday 3', 59.99, 'Starbreeze Studios', '2023-09-21', 'Payday 3 is a cooperative first-person shooter where players take on the role of master criminals pulling off heists in various locations around the world.', 'payday_3.jpg', 'https://www.youtube.com/watch?v=TlkwDNirzF8', 4.5, 3000000),
('Pokémon Black', 39.99, 'Nintendo', '2010-09-18', 'Pokémon Black is an RPG where players catch and train Pokémon in the Unova region, featuring a new set of Pokémon and a deeper storyline.', 'pokemon_black.jpg', 'https://www.youtube.com/watch?v=B-7gZIMxBoQ', 4.6, 15000000),
('Pokémon Legends: Arceus', 59.99, 'Nintendo', '2022-01-28', 'Pokémon Legends: Arceus is an action RPG that introduces an open-world exploration experience in the Pokémon universe, set in the past of the Sinnoh region.', 'pokemon_legends_arceus.jpg', 'https://www.youtube.com/watch?v=qZcgXYapc8Q', 4.8, 10000000),
('Pokémon Scarlet', 59.99, 'Nintendo', '2022-11-18', 'Pokémon Scarlet is an open-world RPG in the Pokémon series that allows players to explore the Paldea region and catch hundreds of Pokémon.', 'pokemon_scarlet.jpg', 'https://www.youtube.com/watch?v=yBPdzeF0lC4', 4.7, 12000000),
('Pokémon Violet', 59.99, 'Nintendo', '2022-11-18', 'Pokémon Violet is a companion title to Pokémon Scarlet, featuring a futuristic version of the Paldea region and new gameplay mechanics.', 'pokemon_violet.jpg', 'https://www.youtube.com/watch?v=yBPdzeF0lC4', 4.7, 12000000),
('Pokémon White', 39.99, 'Nintendo', '2010-09-18', 'Pokémon White is the companion game to Pokémon Black, featuring similar gameplay with exclusive Pokémon and story elements in the Unova region.', 'pokemon_white.jpg', 'https://www.youtube.com/watch?v=B-7gZIMxBoQ', 4.6, 13000000),
('Pokémon X', 39.99, 'Nintendo', '2013-10-12', 'Pokémon X is a role-playing game set in the Kalos region, introducing new gameplay features and 3D graphics to the series.', 'pokemon_x.jpg', 'https://www.youtube.com/watch?v=IfclgYT7h-A', 4.8, 16000000),
('Pokémon Y', 39.99, 'Nintendo', '2013-10-12', 'Pokémon Y is the counterpart to Pokémon X, introducing new Pokémon and gameplay features in the Kalos region.', 'pokemon_y.jpg', 'https://www.youtube.com/watch?v=IfclgYT7h-A', 4.8, 15000000),
('Predator: Hunting Grounds', 39.99, 'IllFonic', '2020-04-24', 'Predator: Hunting Grounds is an asymmetrical multiplayer shooter where players either control a fireteam of soldiers or the deadly Predator in intense 4v1 combat.', 'predator_hunting_grounds.jpg', 'https://www.youtube.com/watch?v=JG8WUSnGrqQ', 4.2, 2000000),
('Rainbow Six Siege', 49.99, 'Ubisoft', '2015-12-01', 'Rainbow Six Siege is a tactical first-person shooter where players control elite operators from various counter-terrorism units in strategic 5v5 multiplayer matches.', 'rainbow_six_siege.jpg', 'https://www.youtube.com/watch?v=ebwGwlBK-jQ', 4.7, 70000000),
('Resident Evil 5', 29.99, 'Capcom', '2009-03-05', 'Resident Evil 5 is a survival horror action game where players control Chris Redfield as he navigates Africa to stop a new outbreak of the virus.', 'resident_evil_5.jpg', 'https://www.youtube.com/watch?v=5lYNJQVz_Pc', 4.3, 9000000),
('Resident Evil 6', 39.99, 'Capcom', '2012-10-02', 'Resident Evil 6 offers a mix of survival horror and action gameplay, with multiple protagonists and global settings as players fight to survive against bio-terrorism threats.', 'resident_evil_6.jpg', 'https://www.youtube.com/watch?v=sS_bGpe9qE8', 4.2, 11000000),
('Resident Evil 7', 59.99, 'Capcom', '2017-01-24', 'Resident Evil 7 returns to the series\' horror roots, featuring a first-person perspective as players try to escape a creepy plantation house filled with terrifying creatures.', 'resident_evil_7.jpg', 'https://www.youtube.com/watch?v=RgYqQsbKn6w', 4.8, 13000000),
('Sea of Thieves', 39.99, 'Rare', '2018-03-20', 'Sea of Thieves is an open-world pirate adventure game where players sail, fight, and explore together, seeking treasure and battling legendary foes.', 'sea_of_thieves.jpg', 'https://www.youtube.com/watch?v=r5JIBaasuE8', 4.3, 10000000),
('Spider-Man 2', 59.99, 'Insomniac Games', '2023-10-20', 'Spider-Man 2 is an action-adventure game where players control both Peter Parker and Miles Morales as they fight new threats and explore a detailed open-world New York City.', 'spiderman_2.jpg', 'https://www.youtube.com/watch?v=9fVYKsEmuRo', 4.9, 5000000),
('Horizon Call of the Mountain', 59.99, 'Guerrilla Games', '2022-02-22', 'Horizon Call of the Mountain is a VR spin-off in the Horizon series, offering a new perspective on the world of Aloy as players experience intense exploration and combat in virtual reality.', 'horizon_call_of_the_mountain.jpg', 'https://www.youtube.com/watch?v=cUWB3NBpcbo', 4.6, 2000000),
('Steep', 59.99, 'Ubisoft', '2016-12-02', 'Steep is an extreme sports game that allows players to snowboard, ski, paraglide, and wingsuit across open-world mountains, with a focus on multiplayer challenges.', 'steep.jpg', 'https://www.youtube.com/watch?v=TNhyWptLq_Y', 4.2, 4000000),
('Tekken 8', 59.99, 'Bandai Namco Entertainment', '2023-01-26', 'Tekken 8 continues the iconic fighting series with new mechanics, characters, and a deep story mode focused on the Mishima family feud.', 'tekken_8.jpg', 'https://www.youtube.com/watch?v=3pwiP6oEMmw', 4.7, 3000000),
('Tetris Effect', 39.99, 'Monstars', '2018-11-09', 'Tetris Effect is a mesmerizing reinvention of the classic puzzle game, combining vibrant visuals, music, and immersive environments to create an unforgettable experience.', 'tetris_effect.jpg', 'https://www.youtube.com/watch?v=PFVL6t8IHE8', 4.8, 6000000),
('The Chant', 39.99, 'Prime Matter', '2022-11-03', 'The Chant is a psychological horror game that blends exploration, combat, and puzzle-solving in a mysterious cult setting where players must survive terrifying encounters.', 'the_chant.jpg', 'https://www.youtube.com/watch?v=i2x45LEoU0E', 4.1, 2000000),
('The Division', 59.99, 'Ubisoft', '2016-03-08', 'The Division is an online open-world action RPG set in a post-apocalyptic New York, where players must restore order by completing missions and fighting against enemies in a tactical combat environment.', 'the_division.jpg', 'https://www.youtube.com/watch?v=uElsBflqgYw', 4.3, 15000000),
('The Forest', 19.99, 'Endnight Games', '2018-04-30', 'The Forest is a survival horror game where players must navigate through a forest filled with cannibalistic mutants, crafting weapons and shelters to survive.', 'the_forest.jpg', 'https://www.youtube.com/watch?v=ay3tDjnBziY', 4.5, 7000000),
('The Quarry', 59.99, '2K Games', '2022-06-10', 'The Quarry is an interactive drama and horror game where players control a group of teenagers at a summer camp, making decisions that determine who lives and who dies.', 'the_quarry.jpg', 'https://www.youtube.com/watch?v=2Cst4YHdHXI', 4.6, 5000000),
('Titanfall', 59.99, 'Respawn Entertainment', '2014-03-11', 'Titanfall is a futuristic first-person shooter where players control highly mobile soldiers and massive mechs in fast-paced multiplayer battles.', 'titanfall.jpg', 'https://www.youtube.com/watch?v=3FPtT4C870c', 4.5, 10000000),
('Titanfall 2', 59.99, 'Respawn Entertainment', '2016-10-28', 'Titanfall 2 improves upon its predecessor with an enhanced single-player campaign, deeper multiplayer options, and an exciting new story involving mechs and pilots.', 'titanfall_2.jpg', 'https://www.youtube.com/watch?v=ktw2k3m7Qko', 4.9, 7000000),
('The Last of Us Part 1', 69.99, 'Naughty Dog', '2022-09-02', 'The Last of Us Part 1 is a remake of the beloved action-adventure game, following Joel and Ellie as they navigate a post-apocalyptic world filled with infected and dangerous survivors.', 'the_last_of_us_part_1.jpg', 'https://www.youtube.com/watch?v=R2Ebc_OFeug', 4.8, 10000000),
('Tormented Souls', 29.99, 'Dual Effect', '2021-08-27', 'Tormented Souls is a survival horror game with fixed-camera perspectives, focusing on exploration and puzzle-solving to escape a creepy mansion filled with disturbing secrets.', 'tormented_souls.jpg', 'https://www.youtube.com/watch?v=JN4DmhYZbz0', 4.4, 2000000),
('Watchdogs', 59.99, 'Ubisoft', '2014-05-27', 'Watchdogs is an open-world action game where players control Aiden Pearce, a hacker seeking revenge, using his ability to manipulate the city\'s infrastructure.', 'watchdogs.jpg', 'https://www.youtube.com/watch?v=PFko4Kut39s', 4.3, 15000000),
('Watchdogs 2', 59.99, 'Ubisoft', '2016-11-15', 'Watchdogs 2 continues the story of hacking and rebellion in San Francisco, where Marcus Holloway fights against corporate control with his elite hacking skills.', 'watchdogs_2.jpg', 'https://www.youtube.com/watch?v=2GIVVsTKTLg', 4.4, 10000000),
('Wolfenstein: The New Order', 59.99, 'Bethesda Softworks', '2014-05-20', 'Wolfenstein: The New Order follows BJ Blazkowicz as he battles an alternate reality where Nazis won World War II and control the world with advanced technology.', 'wolfenstein_the_new_order.jpg', 'https://www.youtube.com/watch?v=Pht8Bsq8Cno', 4.8, 12000000),
('Wolfenstein: The Old Blood', 29.99, 'Bethesda Softworks', '2015-05-05', 'Wolfenstein: The Old Blood is a prequel to The New Order, offering new locations and a fresh storyline as BJ Blazkowicz faces Nazi threats in 1946.', 'wolfenstein_the_old_blood.jpg', 'https://www.youtube.com/watch?v=Viv8e9_-kHo', 4.7, 6000000),
('Wolfenstein: The Young Blood', 39.99, 'Bethesda Softworks', '2019-07-26', 'Wolfenstein: The Young Blood follows BJ Blazkowicz\'s twin daughters in an alternate 1980s where they fight against Nazis in Paris.', 'wolfenstein_the_young_blood.jpg', 'https://www.youtube.com/watch?v=Zjwo5EJxn9E', 4.4, 5000000),
('World of Warships', 0.00, 'Wargaming.net', '2015-09-17', 'World of Warships is a free-to-play naval combat MMO where players control warships and engage in large-scale online battles in historic naval settings.', 'world_of_warships.jpg', 'https://www.youtube.com/watch?v=RQK6hH5-nwU', 4.6, 30000000),
('WWE 2K23', 59.99, '2K Sports', '2023-03-17', 'WWE 2K23 brings the excitement of professional wrestling with improved graphics, animations, and gameplay mechanics, featuring all the latest WWE superstars and legends.', 'wwe_2k23.jpg', 'https://www.youtube.com/watch?v=Y1Fewy9QcOI', 4.7, 4000000),
('WWE 2K24', 59.99, '2K Sports', '2024-03-17', 'WWE 2K24 continues the series with enhanced gameplay features, new match types, and the latest roster of WWE stars, delivering an authentic wrestling experience.', 'wwe_2k24.jpg', 'https://www.youtube.com/watch?v=j-2y-ZYezIo', 4.8, 3000000),
('XDefiant', 0.00, 'Ubisoft', '2023-07-15', 'XDefiant is a free-to-play multiplayer shooter that mixes fast-paced action with factions inspired by Ubisoft\'s games, offering customizable loadouts and intense combat.', 'xdefiant.jpg', 'https://www.youtube.com/watch?v=NoNpmAzGyB8', 4.3, 1000000),
('Silent Hill: Downpour', 49.99, 'Konami', '2012-03-13', 'Silent Hill: Downpour is a survival horror game that follows the story of Murphy Pendleton as he navigates the eerie town of Silent Hill, encountering psychological horrors and moral choices.', 'silent_hill_downpour.jpg', 'https://www.youtube.com/watch?v=kz_-YNwxslw', 4.2, 2000000),
('Silent Hill: Shattered Memories', 39.99, 'Konami', '2009-12-08', 'Silent Hill: Shattered Memories is a reimagining of the original Silent Hill, featuring psychological profiling and a unique approach to survival horror gameplay.', 'silent_hill_shattered_memories.jpg', 'https://www.youtube.com/watch?v=bpWp195CYTk', 4.4, 1500000),
('Total War: Warhammer', 59.99, 'SEGA', '2016-05-24', 'Total War: Warhammer is a turn-based strategy game combined with real-time tactical battles, set in the fantasy Warhammer universe, featuring legendary heroes, monstrous units, and epic campaigns.', 'total_war_warhammer.jpg', 'https://www.youtube.com/watch?v=vakF40RDWnU', 4.8, 5000000),
('Total War: Warhammer II', 59.99, 'SEGA', '2017-09-28', 'Total War: Warhammer II expands the series with new factions, epic campaigns, and a unique story-driven Vortex Campaign set in the fantasy Warhammer world.', 'total_war_warhammer_ii.jpg', 'https://www.youtube.com/watch?v=2sIyxYwJzLY', 4.9, 6000000);









COMMIT;